{"cameraMode":{"drawMode":0,"name":"Shaded","section":"Shading Mode"},"sceneLighting":false,"audioPlay":false,"sceneViewState":{"showFog":true,"showMaterialUpdate":false,"showSkybox":true,"showFlares":true,"showImageEffects":true,"showParticleSystems":true},"in2DMode":false,"pivot":{"x":0.00007399916648864746,"y":0.004525499884039164,"z":-0.03533334285020828},"rotation":{"x":-0.2884061932563782,"y":0.6367349028587341,"z":-0.2788744568824768,"w":-0.6584979891777039},"size":0.16557222604751588,"orthographic":false}