{"cameraMode":{"drawMode":0,"name":"Shaded","section":"Shading Mode"},"sceneLighting":false,"audioPlay":false,"sceneViewState":{"showFog":true,"showMaterialUpdate":false,"showSkybox":true,"showFlares":true,"showImageEffects":true,"showParticleSystems":true},"in2DMode":false,"pivot":{"x":0.9437767863273621,"y":3.935344696044922,"z":1.3255095481872559},"rotation":{"x":-0.017689326778054239,"y":-0.0000048414749471703548,"z":-6.397302598770693e-8,"w":0.9998435378074646},"size":8.02193832397461,"orthographic":false}